aah,aah,aahed,aahing,aahs
aam,salaam,salaamed,salaaming,salaams
aan,naan,naans
abg,crabgrass,crabgrasses
abk,babka,babkas
abm,cabman,crabmeat,crabmeats
acm,acme,acmes
acn,acne,acned,acnes,anthracnose,anthracnoses
adk,roadkill,roadkills
adq,headquarter,headquartered,headquartering,headquarters
adt,breadth,breadths
aeg,aegis,aegises,jaeger,jaegers
ael,maelstrom,maelstroms,paella,paellas,tael,taels
aev,mediaeval,mediaevally,mediaevals
afh,leafhopper,leafhoppers
afn,deafness,deafnesses,hafnium,hafniums
afs,leafs,oafs
afu,snafu,snafued,snafuing,snafus
afy,leafy
agb,shagbark,shagbarks,tagboard,tagboards
agd,magdalen,magdalene,magdalenes,magdalens,smaragd,smaragdes,smaragds
agf,bagful,bagfuls,hagfish,hagfishes,stagflation,stagflations
agw,dagwood,dagwoods,ragweed,ragweeds,ragwort,ragworts
ahj,mahjong,mahjongg,mahjonggs,mahjongs
ahm,brahma,brahmas
ahn,autobahn,autobahns
aht,baht,bahts
aie,faience,faiences,gaieties,gaiety,shanghaied
aiq,daiquiri,daiquiris
aiz,baize,baized,baizes,baizing,maize,maizes
aji,fajita,fajitas,haji,hajis
aju,ajuga,ajugas,extrajudicial,extrajudicially
akd,breakdown,breakdowns
akk,yakking
akp,leakproof
akr,chakra,chakras,cloakroom,cloakrooms
akw,breakwater,breakwaters,teakwood,teakwoods
alz,calzone,calzones,schmalz,schmalzes
amc,camcorder,camcorders,triamcinolone,triamcinolones
amj,ramjet,ramjets,scramjet,scramjets
amt,amtrack,amtracks,dreamt,dreamtime,dreamtimes
anm,manmade
anw,loanwords,meanwhile,meanwhiles
aob,baobab,baobabs
aoc,intraocular,intraocularly
aoh,pharaoh,pharaohs
aok,karaoke,karaokes
aos,chaos,chaoses,naos,naoses,taos
aot,chaotic,chaotically
aow,miaow,miaowed,miaowing,miaows
apj,flapjack,flapjacks
apk,napkin,napkins
apw,knapweed,knapweeds,lapwing,lapwings,sapwood,sapwoods
asn,glasnost,glasnosts
asw,gasworks
atg,catgut,catguts
aue,hausfrauen,plateaued,sauerkraut,sauerkrauts
avl,pavlova,pavlovas
avs,lavs
avv,navvies,navvy,navvying,savvies,savviest,savvy,savvying
awg,lawgiver,lawgivers
awp,pawpaw,pawpaws,yawp,yawped,yawper,yawping,yawps
awr,awry
axm,taxman
axn,laxness,laxnesses
axs,flaxseed,flaxseeds
axy,epitaxy,galaxy,waxy
ayc,haycock,haycocks,paycheck,paychecks
ayg,playgirl,playgirls,playground,playgrounds
ayn,gayness,gaynesses,grayness,graynesses
azp,gazpacho,gazpachos
baa,baa,baaed,baaing,baal,baals,baas,baases
bao,baobab,baobabs,carabao,carabaos
baq,subaqueous
bbs,bibbs,cobbs,ebbs
bce,subcellular
bch,subchapter,subchapters
bcr,subcritical
bda,lambda,lambdas,molybdate,molybdates
bde,molybdenum,molybdenums,subdermal,subdermally
bdr,cabdriver,cabdrivers
beb,bebop,bebopped,bebopper,bebopping,bebops
bek,unbeknown,unbeknownst
bex,ibex,ibexes
bfa,subfamilies,subfamily
bfl,subfloor,subflooring,subfloors
bfo,clubfoot,clubfooted,dumbfounded,webfoot,webfooted
bfr,subframe,subframes
bgl,subglacial,subglacially
bhu,subhuman,subhumans,subhumid
biw,biweeklies,biweekly
bja,subjacent,subjacently
bka,babka,babkas
bki,subkingdom,subkingdoms
bnu,subnuclear
boj,turbojet,turbojets
boz,bozo,bozos
bpe,subperiod,subperiods
bph,subphase,subphases,subphylum
bpl,subplot,subplots
bsk,lambskin,lambskins,numbskull,numbskulls
bsl,bobsled,bobsledded,bobsledder,bobsledding,bobsleddings,bobsleds
bsy,subsystem,subsystems
btf,doubtful,doubtfuller,doubtfully,doubtfuls
bth,subthreshold
bts,debts,doubts,redoubts
btu,obturator,obturators,obtuse,obtusely,obtuseness,obtusenesses
bty,subtype,subtypes
bue,imbue,imbued,imbues
bup,ibuprofen,ibuprofens
bux,buxom,buxomer,buxomest,buxomly
bv,obvious,obviously
bva,subvarieties,subvariety
bwe,cobweb,cobwebbed,cobwebbing,cobwebs
bwh,bobwhite,bobwhites,thumbwheel,thumbwheels
bwi,barbwire,barbwires
bwo,webwork,webworks,webworm,webworms
byg,bygone,bygones
byh,babyhood,babyhoods,cubbyhole,cubbyholes
byn,byname,bynames
byo,presbyopia,presbyopias
byw,byway,byways,byword,bywords
byz,byzantine
bze,subzero
bzo,subzone,subzones
cao,cacao,cacaos,caoutchouc,caoutchoucs,curacao,curacaos
caq,macaque,macaques
caz,alcazar,alcazars
ccy,coccyx,coccyxes
ceg,miscegenation,miscegenations
cev,ceviche,ceviches
ckj,blackjack,blackjacked,blackjacking,blackjacks,lockjaw,lockjaws
ckk,jackknife,jackknifed,jackknifes,jackknifing,jackknives,knickknacks
cma,blancmange,blancmanges
cme,acme,acmes
cne,acne,acned,acnes,gastrocnemius
coj,cojones
cso,frolicsome,frolicsomely
ctw,ductwork,ductworks
cuk,cuke,cukes
cuz,scuzzy
cyg,cygnet,cygnets
cyh,policyholder,policyholders
cyi,fancying
cyo,halcyon,halcyons
cyx,coccyx,coccyxes
cze,eczema,eczemas
dcl,bedclothes,broadcloth,broadcloths
ddb,oddball,oddballs
ddm,oddments
ddn,oddness,oddnesses
dey,deadeye,deadeyes,dey,deys,redeye,redeyes
dez,lespedeza,lespedezas,rendezvous,rendezvoused,rendezvouses,rendezvousing
dfe,bedfellow,bedfellows
dfr,bedframe,bedframes,breadfruit,breadfruits
dgl,fledgling,fledglings
dgo,pledgor,pledgors
dhp,jodhpur,jodhpurs
dii,medii,radii
diw,diwan,diwans,handiwork,handiworks
dji,djinn,djinni,djinns,hadji,hadjis
dka,vodka,vodkas
dke,handkerchief,handkerchiefs,handkerchieves
doa,doable,undoable
doj,dojo,dojos
doy,doyen,doyenne,doyennes,doyens
dpe,woodpecker,woodpeckers
dph,headphone,headphones
dpu,mudpuppies,mudpuppy
dsa,handsaw,handsaws,headsail,headsails
dsy,sudsy,woodsy
dte,midterm,midterms
dti,bedtime,bedtimes
dtr,soundtrack,soundtracks
duh,duh
duv,duvet,duvets
dux,redux
dwh,handwheel,handwheels
dwr,handwrite,handwrites,handwriting,handwritings,handwritten
dya,dyad,dyadic,dyadics,dyads
dyc,bradycardia,bradycardias
dyf,candyfloss,candyflosses,ladyfingers
dyg,bodyguard,bodyguards,gobbledygook,gobbledygooks
dyp,handyperson,handypersons
dyt,troglodyte,troglodytes
dyw,bodywork,bodyworks
dze,adze,adzed,adzes
dzo,gadzooks
dzu,adzuki,adzukis,kudzu,kudzus
eah,teahouse,teahouses,yeah,yeahs
eaz,sleaze,sleazes,sleazy
ebf,webfoot,webfooted
ebw,webwork,webworks,webworm,webworms
ecz,eczema,eczemas
edp,bedpan,bedpans,bedpost,bedposts,redpoll,redpolls
eeg,squeegee,squeegeed,squeegeeing,squeegees
eej,deejay,deejayed,deejaying,deejays,veejay,veejays
efc,beefcake,beefcakes,briefcase,briefcases
egb,pegboard,pegboards
egh,leghorn,leghorns
egw,legwork,legworks
eka,eureka,eurekas,peekaboo,peekaboos,weka,wekas
ekb,cheekbone,cheekbones
ekd,weekday,weekdays
eky,cheeky,geeky
elg,belga,belgas,doppelganger,doppelgangers,eelgrass,eelgrasses
emc,emcee,emceed,emceeing,emcees
emt,femtosecond,femtoseconds
emw,stemware,stemwares
eoe,paleoecologies,paleoecology
epb,stepbrother,stepbrothers
epc,hepcat,hepcats,stepchild,stepchildren
epm,stepmother,stepmothers
epn,deepness,deepnesses,jeepney,jeepneys,steepness,steepnesses
esg,salesgirl,salesgirls
esv,herpesvirus,herpesviruses
etd,letdown,letdowns
etk,pocketknife,pocketknives
evr,chevre,chevres,chevron,chevroned,chevrons
evs,devs,revs
evv,revved,revving
ewc,dewclaws,newcomer,newcomers
ewu,gewurztraminer,gewurztraminers,screwup,screwups
exl,complexly,sexless,sexlessly
exq,exquisite,exquisitely,exquisites
eyd,heyday,heydays,honeydew,honeydewed,honeydews
eyg,honeyguide,honeyguides
eyp,keypad,keypads
eyr,eyre,eyres,eyrie,eyries
eza,lespedeza,lespedezas,squeezable,tristeza,tristezas
ezc,mezcal,mezcals
ezm,klezmer,klezmers
ezv,rendezvous,rendezvoused,rendezvouses,rendezvousing
ezy,breezy,sneezy,wheezy
fah,loofah,loofahs
faj,fajita,fajitas
faq,faqir,faqirs
fbo,surfboard,surfboarded,surfboarder,surfboarding,surfboards
fca,beefcake,beefcakes,briefcase,briefcases
fcu,offcuts
fek,safekeeping,safekeepings
fep,knifepoint,knifepoints,mifepristone,mifepristones
fex,pontifex,spinifex,spinifexes,tubifex,tubifexes
fez,fez,fezes,fezzed
ffb,offbeat,offbeats,puffball,puffballs
ffc,chiffchaff,chiffchaffs,offcuts
ffn,stiffness,stiffnesses
ffp,offprint,offprinted,offprinting,offprints
fhe,halfhearted,halfheartedly
fjo,fjord,fjords
fme,engulfment,engulfments
fob,fob,fobbed,fobbing,fobs
fop,fop,fopped,fopping,foppish,foppishly,fops
fot,disulfoton,disulfotons,infotainment,infotainments
fpe,halfpence,halfpennies,halfpenny
fpr,hoofprints,offprint,offprinted,offprinting,offprints
fsa,selfsame
fsb,wolfsbane,wolfsbanes
fsc,offscreen
fse,offset,offsets,offsetting
fsh,offshoot,offshoots,offshore
fsi,offside,offsides
fsk,calfskin,calfskins
fsp,offspring,offsprings
fst,beefsteak,beefsteaks,offstage,offstages
ftc,softcover,softcovers
ftg,liftgate,liftgates
ftm,engraftment,engraftments,leftmost
ftn,deftness,deftnesses,softness,softnesses,swiftness,swiftnesses
ftt,ofttimes
fuf,kerfuffle,kerfuffled,kerfuffles,kerfuffling
fuh,fuhrer,fuhrers
fuj,fuji,fujis
fwa,halfway
gah,gigahertz,gigahertzes,megahertz,megahertzes,meshuggah
gao,gaol,gaoled,gaoler,gaolers,gaoling,gaols
gbe,bugbear,bugbears,eggbeater,eggbeaters
gbu,gangbusters
gby,rugby
gca,dogcart,dogcarts
gco,lingcod,lingcods
gdi,wingdings
gef,revengeful,revengefully,vengeful,vengefully
gep,hodgepodge,hodgepodges
gev,longevities,longevity
gfe,slugfest,slugfests
gfl,stagflation,stagflations
gfo,bigfoot,bigfooted,bigfooting,bigfoots
ggb,eggbeater,eggbeaters
ggh,egghead,eggheaded,eggheads
ggn,eggnog,eggnogs
ggp,eggplant,eggplants
ggu,ziggurat,ziggurats
ghc,highchair,highchairs
ghf,highfalutin,highfalutins,thoroughfare,thoroughfares
ghg,thoroughgoing,thoroughgoingly
ghj,highjacked
ghp,throughput,throughputs
ghr,highroad,highroads,roughrider,roughriders
ghu,sorghum,sorghums,yoghurt,yoghurts
ghy,dinghy,doughy,ghyll,ghylls
gja,logjam,logjams
gko,bangkok,bangkoks,gingko,gingkoes,gingkos
gms,diaphragms,paradigms
gmy,pigmy,pygmy
gnb,signboard,signboards
gnl,benignly,sovereignly
gnn,foreignness,foreignnesses
gnt,sovereignties,sovereignty
goc,egocentric,egocentrics,egocentrism,egocentrisms,meningococcal,meningococci,phagocyte,phagocytes,phagocytic,phagocytosis
goh,megohm,megohms
gpe,pigpen,pigpens
gpl,eggplant,eggplants,gangplank,gangplanks
gpo,flagpole,flagpoles
gsa,cheongsam,cheongsams,jigsaw,jigsawed,jigsawing,jigsaws
gsb,dogsbodies,dogsbody
gsi,alongside,kingside,kingsides,ringside,ringsides
gsk,pigskin,pigskins
gsl,dogsled,dogsledded,dogsledder,dogsledding,dogsleds
gso,singsong,singsonged,singsonging,singsongs
gsp,longspur,longspurs,wingspan,wingspans,wingspread,wingspreads
gsr,bildungsroman,bildungsromans
gto,dogtooth,ragtop,ragtops
gub,gubernatorial,lugubrious,lugubriously
guc,guck,gucks
guv,guv,guvs
gwe,hogweed,hogweeds,pigweed,pigweeds,ragweed,ragweeds
gwh,cogwheel,cogwheels
gwi,bigwig,bigwigs
gwr,songwriter,songwriters,songwriting,songwritings
gyl,argyle,argyles,argyll,argylls,strongyloidiasis
haq,methaqualone,methaqualones
hbi,archbishop,archbishopric,archbishoprics,archbishops
hbl,deathblow,deathblows,switchblade,switchblades
hcr,witchcraft,witchcrafts
hde,archdeacon,archdeaconries,archdeaconry,archdeacons
hdi,archdiocesan,archdiocese,archdioceses
hdu,archduchess,archduchesses,archduke,archdukes
heg,hegemonic,hegemonies,hegemony
heh,heh,hehs
hek,shekel,shekels
hez,chez
hfa,highfalutin,highfalutins,thoroughfare,thoroughfares
hfo,pitchfork,pitchforked,pitchforking,pitchforks
hfr,beachfront,beachfronts
hgr,bunchgrass,bunchgrasses,switchgrass,switchgrasses,witchgrass,witchgrasses
hgu,flashgun,flashguns
hhe,beachhead,beachheads,withheld
hih,chihuahua,chihuahuas
hii,shiitake,shiitakes
hipe,archipelago,archipelago,archipelagoes,archipelagos
hiu,lithium,lithiums,promethium,promethiums
hja,highjacked
hjo,mahjong,mahjongg,mahjonggs,mahjongs
hka,babushka,babushkas,lashkar,lashkars
hke,latchkey,latchkeys,tchotchkes
hki,munchkin,munchkins
hlr,kohlrabi,kohlrabies,kohlrabis
hls,kohls
hmm,hmm,ohmmeter,ohmmeters
hmu,isthmus,isthmuses,schmuck,schmucks
hna,schnapps,schnappses,schnauzer,schnauzers
hnn,johnnies,johnny
hns,johns,johnsongrass,johnsongrasses
hnu,beechnut,beechnuts,doughnut,doughnuts,doughnutted,doughnutting
hoh,psychohistories,psychohistory
hph,catchphrase,catchphrases
hpl,birthplace,birthplaces
hpo,catchpole,catchpoles,fishpond,fishponds
hpr,archpriest,archpriests,crushproof
hq,earthquake,earthquaked,earthquakes,earthquaking
hqu,earthquake,earthquaked,earthquakes,earthquaking
hsi,beachside,fuchsia,fuchsias
hsk,rathskeller,rathskellers
hso,loathsome,loathsomely,toothsome,toothsomely
htb,eightball,eightballs,lightbulb,lightbulbs
htd,nightdress,nightdresses
htg,nightgown,nightgowns
htj,nightjar,nightjars,straightjacket,straightjacketed,straightjacketing,straightjackets
hto,watchtower,watchtowers
htt,nighttime,nighttimes
htu,bathtub,bathtubs,washtub,washtubs
hue,hue,hued,hues
huh,huh
huz,huzzah,huzzahed,huzzahing,huzzahs
hwi,fishwives,forthwith,lengthwise
hwr,speechwriter,speechwriters
hye,hyena,hyenas,shyer,shyers
hyi,shying
hyn,shyness,shynesses
iau,semiautomatic,semiautomatics
iby,sibyl,sibyls
idb,midbrain,midbrains,tidbit,tidbits
idc,midcourse,midcourses
idf,midfield,midfielder,midfielders,midfields
idm,midmorning,midmornings
idp,midpoint,midpoints
ieh,diehard,diehards
iei,dieing,tieing
iep,antiepileptic,antiepileptics
igf,bigfoot,bigfooted,bigfooting,bigfoots
igp,pigpen,pigpens
igt,pigtail,pigtailed,pigtails
igy,effigy,prodigy
iha,jihad,jihads,trihalomethanes
iin,skiing,skiings,taxiing,waterskiing,waterskiings
iit,shiitake,shiitakes
iji,gaijin,hijinks
iju,marijuana,marijuanas
ikh,sheikh,sheikhs
iko,daikon,daikons,eikon,eikones,eikons,ikon,ikons
iku,haiku,haikus
iky,spiky
ilq,milquetoast,milquetoasts
imc,kimchee,kimchees,kimchi,kimchis
imf,brimful,rimfire,rimfires
imh,victimhood,victimhoods
iof,biofeedback,biofeedbacks,biofouling,biofoulings,craniofacial
ioh,biohazard,biohazards
ioj,rioja,riojas
ipf,worshipful,worshipfully
ipj,skipjack,skipjacks
ipk,pipkin,pipkins,slipknot,slipknots
ipn,hipness,hipnesses
isn,misnamed,misnomer,misnomered,misnomering,misnomers
isw,semisweet
itg,zeitgeist,zeitgeists
itj,straitjacket,straitjacketed,straitjacketing,straitjackets
iun,antiunion,multiunit,triune,triunes
iut,prosciutto,prosciuttos
ivy,ivy,privy,tivy
iwe,biweeklies,biweekly,skiwear
iwo,handiwork,handiworks
ixf,sixfold
ixp,sixpence,sixpences
ixu,mixup,mixups
ixy,pixy
iye,multiyear
izd,samizdat,samizdats
izm,gizmo,gizmos,quizmaster,quizmasters
izs,vizsla,vizslas
izu,seizure,seizures
jak,jake,jakes,jakeses
jej,jejunal,jejune,jejunely,jejunum,jejunums
jez,jezebel,jezebels
jic,jicama,jicamas
jid,masjid,masjids
jif,jiff,jiffies,jiffs,jiffy
jih,jihad,jihads
jiv,jive,jived,jives,jiving
jod,jodhpur,jodhpurs
joj,jojoba,jojobas
jov,jovial,jovially
jow,jow,jowed,jowing,jowl,jowled,jowler,jowling,jowls,jowly,jows
jua,marijuana,marijuanas
kav,kava,kavas
kax,pickaxe,pickaxed,pickaxes,pickaxing
kbl,inkblot,inkblots
kcl,backcloth,backcloths,sackcloth,sackcloths
kco,backcountries,backcountry,backcourt,backcourts,blackcock,blackcocks
kcr,backcross,backcrossed,backcrosses,backcrossing
kdr,backdrop,backdropped,backdropping,backdrops
kec,chokecherries,chokecherry,keck,kecked,kecking,kecks
kev,breakeven,breakevens,kevil,kevils
kfl,backflow,backflows
kfo,workforce,workforces
kfr,breakfront,breakfronts,jackfruit,jackfruits
kga,backgammon,backgammoned,backgammoning,backgammons
kgu,blackguard,blackguarded,blackguarding,blackguardly,blackguards
khs,lakhs,sheikhs
kii,skiing,skiings,waterskiing,waterskiings
kik,kike,kikes
kio,kiosk,kiosks
kiy,sukiyaki,sukiyakis
kja,blackjack,blackjacked,blackjacking,blackjacks,lockjaw,lockjaws
kje,inkjet
kki,trekking,yakking
kkn,jackknife,jackknifed,jackknifes,jackknifing,jackknives,knickknacks
koc,leukocyte,leukocytes,leukocytosis
koh,kohl,kohlrabi,kohlrabies,kohlrabis,kohls
kok,bangkok,bangkoks,kokanee,kokanees
kov,walkover,walkovers,zelkova,zelkovas
kow,kowtow,kowtowed,kowtower,kowtowing,kowtows
koz,yokozuna,yokozunas
kpr,leakproof,shockproof
kry,gimmickry,krypton,kryptons
ksb,hawksbill,hawksbills
ksg,thanksgiving,thanksgivings
ksk,buckskin,buckskinned,buckskins,sharkskin,sharkskins
kso,folksong,folksongs,irksome,irksomely
ksw,backswing,backswings
ksy,folksy
kus,ankush,ankushes,haikus,ruckus,ruckuses
kve,kvetch,kvetched,kvetcher,kvetches,kvetching,mikveh,mikvehs
kwh,buckwheat,buckwheats
kyc,skycap,skycaps
kyh,skyhook,skyhooks
kyj,skyjacker,skyjackers
kys,skyscraper,skyscrapers
laf,falafel,falafels,pilaf,pilafs,plafond,plafonds
laq,plaque,plaques
lbr,balbriggan,balbriggans,jailbreak,jailbreaks
lby,trilby,trilbys
lcl,oilcloth,oilcloths,sailcloth,sailcloths
lcr,fulcrum,fulcrums,hillcrest,hillcrests
lcy,halcyon,halcyons,normalcy
ldc,wildcat,wildcats,wildcatted,wildcatter,wildcatting
ldm,unfoldment,unfoldments,weldment,weldments
ldp,childproof,childproofed,childproofing,childproofs
ldt,veldt,veldts
ldv,worldview,worldviews
lej,applejack,applejacks
leq,harlequin,harlequined,harlequining,harlequins
lfb,halfback,halfbacks,wolfberries,wolfberry
lfm,engulfment,engulfments
lfp,halfpence,halfpennies,halfpenny
lfw,halfway
lgu,algum,algums,bulgur,bulgurs,valgus,valguses
liw,bailiwick,bailiwicks,milliwatt,milliwatts
ljo,killjoy,killjoys
lkb,chalkboard,chalkboards
lkh,bulkhead,bulkheads,elkhound,elkhounds
lkt,folktale,folktales
lku,walkup,walkups
llg,ballgame,ballgames,tollgate,tollgates
llj,killjoy,killjoys
llr,ballroom,ballrooms,bullring,bullrings
lmg,filmgoers
lml,calmly
lmm,filmmaker,filmmakers,filmmaking,filmmakings
lmn,calmness,calmnesses
lmu,talmudic
lna,methylnaphthalene,methylnaphthalenes,ulna,ulnad,ulnar,ulnas
lno,bullnose,bullnoses,malnourished,shovelnose,shovelnoses
lns,kilns
loj,kilojoules
lok,bloke,blokes,flokati,flokatis
loz,cloze,clozes,lozenge,lozenged,lozenges
lpm,helpmate,helpmates
lpw,pulpwood,pulpwoods
lpy,enthalpy,phosphoenolpyruvate,phosphoenolpyruvates,pulpy
lqu,milquetoast,milquetoasts
lra,kohlrabi,kohlrabies,kohlrabis,tailrace,tailraces
lre,already
lsc,foolscap,foolscaps,gesellschaft,gesellschafts
lsk,oilskin,oilskins,sealskin,sealskins
lsm,metalsmith,metalsmiths
lsn,pilsner,pilsners
lsy,ballsy,minstrelsy,palsy,palsying
ltb,saltbox,saltboxes,saltbush,saltbushes
ltd,meltdown,meltdowns
ltm,voltmeter,voltmeters
ltp,saltpeter,saltpeters
luj,hallelujah,hallelujahs
lvu,convolvulus,convolvuluses,valvular,volvulus,volvuluses
lwh,bullwhip,bullwhipped,bullwhipping,bullwhips
lyf,jellyfish,jellyfishes
lyv,polyvalent,polyvinyl,polyvinyls
lyx,calyx,calyxes
lzo,calzone,calzones
maw,maw,mawed,mawing,mawkish,mawkishly,maws
mbb,dumbbell,dumbbells
mbd,lambda,lambdas
mbf,dumbfounded
mbm,entombment,entombments
mbp,bombproof,bombproofed,bombproofing,bombproofs,thumbprint,thumbprints
mbt,thumbtack,thumbtacked,thumbtacking,thumbtacks
mbw,dumbwaiters,thumbwheel,thumbwheels
mca,tomcat,tomcats,tomcatted,tomcatting
mce,emcee,emceed,emceeing,emcees
mco,camcorder,camcorders
mdi,humdinger,humdingers
mdr,gumdrop,gumdrops,humdrum,humdrums
mef,shamefaced,shamefacedly,shameful,shamefully
meh,somehow
meu,charmeuse,charmeuses,comeuppance,comeuppances
mev,primeval,primevally,whomever
mfl,circumflex,circumflexed,circumflexes,circumflexing
mfs,emfs
mfy,comfy
mgo,filmgoers
mha,farmhand,farmhands
mhe,drumhead,drumheads,warmhearted,warmheartedly
mje,ramjet,ramjets,scramjet,scramjets
mkh,gymkhana,gymkhanas
mnb,hymnbook,hymnbooks
mnd,damndest,damndests
mnl,solemnly
mno,gymnosperm,gymnosperms,hymnodies,hymnody,limnological,limnologically,limnologies,limnology,rhamnose,rhamnoses,somnolence,somnolences,somnolent,somnolently
mnu,alumnus,rhamnus,rhamnuses
mny,calumny
mof,thermoform,thermoformed,thermoforming,thermoforms
moh,mohair,mohairs,mohel,mohels,thermohaline
moj,mojo,mojoes,mojos
moy,cherimoya,cherimoyas,samoyed,samoyeds
mpb,humpback,humpbacked,humpbacks
mpd,clampdown,clampdowns
mpf,campfire,campfires
mpg,campground,campgrounds
mpm,encampment,encampments
mpn,dampness,dampnesses,plumpness,plumpnesses
mpp,lamppost,lampposts
mqu,kumquat,kumquats
mre,armrest,armrests
msa,ahimsa,ahimsas,doomsayers,samsara,samsaras
msd,doomsday,doomsdayer,doomsdays
msg,almsgiving,almsgivings
msm,groomsman,groomsmen,helmsman
msp,circumspect,circumspection,circumspections,circumspectly
msu,swimsuit,swimsuits
msy,clumsy,flimsy,whimsy
mth,warmth,warmths
mti,dreamtime,dreamtimes
mto,boomtown,boomtowns,femtosecond,femtoseconds
mtr,amtrack,amtracks,gumtree,gumtrees
mue,muenster,muensters,muesli,mueslis,muezzin,muezzins
muj,mujahedeen,mujahedin,mujahideen
muk,mukluk,mukluks
mup,warmup,warmups
muu,muumuu,muumuus
mvi,triumvir,triumvirate,triumvirates,triumvirs
mwe,bantamweight,bantamweights,swimwear,swimwears
mwi,dimwit,dimwits,dimwitted,dimwittedly
myg,amygdala,amygdalas,amygdaloid,amygdaloids
myi,shimmying
myn,myna,mynah,mynahs,mynas
myw,armyworm,armyworms
naa,naan,naans
naq,nonaqueous
ncm,blancmange,blancmanges
ncs,broncs,francs,syncs
ndj,windjammer,windjammers
ndk,grandkids,handkerchief,handkerchiefs,handkerchieves
ndq,hindquarters
ngc,lingcod,lingcods
ngg,mahjongg,mahjonggs,ringgit,ringgits
ngk,bangkok,bangkoks,gingko,gingkoes,gingkos
ngp,gangplank,gangplanks,kingpin,kingpins
nii,genii
nji,basenji,basenjis,kanji,kanjis
nkb,inkblot,inkblots,stinkbug,stinkbugs
nkc,bankcard,bankcards,crankcase,crankcases
nkj,inkjet
nkw,inkwell,inkwells
nlu,unluckily,unlucky
nmu,unmusical,unmusically
nnk,innkeeper,innkeepers
nnm,finnmark,finnmarks
nok,enoki,enokis
noz,monozygotic,nozzle,nozzles
nph,nonphysical,nonphysically,nonphysician,nonphysicians
ntb,paintbrush,paintbrushes
ntc,frontcourt,frontcourts,paramountcies,paramountcy
ntd,countdown,countdowns
ntz,blintzes,chintz,chintzes,chintzy
nuu,continuum,continuums
nuz,nuzzle,nuzzled,nuzzles,nuzzling
nvy,envy,envying,envyingly,envyings
nwh,chainwheel,chainwheels,meanwhile,meanwhiles,nonwhite,nonwhites,pinwheel,pinwheeled,pinwheeling,pinwheels,unwholesome,unwholesomely
nxe,jinxed,sphinxes
nyb,anybodies,anybody,donnybrook,donnybrooks,teenybopper,teenyboppers
nyc,deinonychus,deinonychuses
nyh,anyhow
nyp,anyplace
nyr,pennyroyal,pennyroyals
nyx,onyx,onyxes,sardonyx,sardonyxes
oab,doable,undoable
oau,coauthor,coauthored,coauthoring,coauthors
obc,bobcat,bobcats
obd,obduracies,obduracy,obdurate,obdurated,obdurately,obdurates,obdurating
obg,hobgoblin,hobgoblins
obh,jobholder,jobholders
obw,bobwhite,bobwhites,cobweb,cobwebbed,cobwebbing,cobwebs
odk,bodkin,bodkins,vodka,vodkas
odn,goodness,goodnesses
odt,bloodthirsty
oeq,coequal,coequally,coequals
ofb,goofball,goofballs,hoofbeats
ofn,aloofness,aloofnesses
ofp,hoofprints
ofy,goofy,poofy
ogc,dogcart,dogcarts
ogj,logjam,logjams
ogt,dogtooth,hogtie,hogtied,hogtieing,hogties
ohl,kohl,kohlrabi,kohlrabies,kohlrabis,kohls
ohu,monohull,monohulls
oib,foible,foibles
oif,coif,coifed,coiffed,coiffing,coiffure,coiffured,coiffures,coiffuring,coifing,coifs
oig,poignancies,poignancy,poignant,poignantly
oik,perestroika,perestroikas,troika,troikas
oja,rioja,riojas,soja,sojas
okc,bookcase,bookcases
okh,cookhouse,cookhouses
okn,crookneck,crooknecks
okp,bookplate,bookplates
okr,okra,okras
okt,cooktop,cooktops
olg,golgotha,golgothas,schoolgirl,schoolgirls
oln,coolness,coolnesses
olr,poolroom,poolrooms,schoolroom,schoolrooms,toolroom,toolrooms
olw,schoolwork,schoolworks
omc,tomcat,tomcats,tomcatted,tomcatting
omh,customhouse,customhouses
opd,topdressing,topdressings
opf,topflight
opg,shopgirl,shopgirls,stopgap,stopgaps
opw,shopworn,stopwatch,stopwatches
orz,borzoi,borzois,orzo,orzos,quatorze,quatorzes
osb,grosbeak,grosbeaks
osg,grosgrain,grosgrains,phosgene,phosgenes
osl,gosling,goslings
osw,microswitch,microswitches
otd,hotdog,hotdogged,hotdogger,hotdogging,hotdogs
otf,footfall,footfalls
otg,shotgun,shotgunned,shotgunner,shotgunning,shotguns
ouh,brouhaha,brouhahas
ouq,bouquet,bouquets
oux,bijoux,doux,roux
ovy,anchovy,groovy
owj,blowjob,blowjobs
oxb,boxboard,boxboards,oxblood,oxbloods,oxbow,oxbows
oxc,boxcar,boxcars,coxcomb,coxcombs
oxf,foxfire,foxfires,oxford,oxfords
oxg,foxglove,foxgloves
oxs,coxswain,coxswained,coxswaining,coxswains
oxt,foxtail,foxtails,foxtrot,foxtrots,foxtrotted,foxtrotting,oxtail,oxtails
oxv,poxvirus,poxviruses
oxw,boxwood,boxwoods
oyb,soybean,soybeans
oyh,boyhood,boyhoods
oyn,coyness,coynesses,groynes
oyr,joyride,joyrides,joyriding,joyridings
oyu,shoyu,shoyus,soyuz,soyuzes
oza,lollapalooza,lollapaloozas
ozl,bamboozle,bamboozled,bamboozles,bamboozling
ozu,yokozuna,yokozunas
ozz,mozzarella,mozzarellas,nozzle,nozzles
paj,pajama,pajamaed,pajamas
pax,hapax,hapaxes,pax,paxes
paz,spaz,topaz,topazes
pba,humpback,humpbacked,humpbacks,snapback,snapbacks
pbe,raspberries,raspberry,upbeat,upbeats
pch,stepchild,stepchildren,upchuck,upchucked,upchucking,upchucks
peh,peh,pehs,tempeh,tempehs
pej,pejorative,pejoratively,pejoratives
pev,grapevine,grapevines
pex,apex,apexes,auspex
pfa,stepfamilies,stepfamily,stepfather,stepfathers
pfe,pfennig,pfennigs
pff,pfft
pfl,topflight,upflow,upflowed,upflowing,upflows
pfo,sheepfold,sheepfolds
pga,stopgap,stopgaps
pgi,shopgirl,shopgirls
phn,daphne,daphnes,daphnia,daphnias
pja,flapjack,flapjacks,skipjack,skipjacks
pke,shopkeeper,shopkeepers,upkeep,upkeeps
pkn,slipknot,slipknots,topknot,topknots,topknotted
pmu,chipmunk,chipmunks
pof,ripoff,ripoffs,tipoff,tipoffs
pph,sapphic,sapphics,sapphire,sapphired,sapphires
pps,schnapps,schnappses
psm,corpsman,corpsmen
psp,topspin,topspins
psq,pipsqueak,pipsqueaks
pss,psst
psw,upswing,upswinging,upswings
ptc,bankruptcies,bankruptcy
pth,depth,depths,groupthink,groupthinks
ptw,scriptwriter,scriptwriters
pui,puissance,puissances,puissant,puissantly
pwe,knapweed,knapweeds,sleepwear,sleepwears,upwelling,upwellings
pwo,pulpwood,pulpwoods,sapwood,sapwoods,shopworn
pya,pya,pyas,shipyard,shipyards
pyb,capybara,capybaras,copybook,copybooks
pyc,copycat,copycats,copycatted,copycatting,poppycock,poppycocks
pyg,pygmies,pygmy,spyglass,spyglasses
pyh,copyholder,copyholders,sleepyhead,sleepyheads
pyj,pyjamas
pym,spymaster,spymasters
pyt,python,pythonic,pythons
pyw,copywriter,copywriters
quy,colloquy,colloquying,obloquy,soliloquy
qwe,qwerties,qwerty,qwertys
rbw,barbwire,barbwires
rdf,swordfish,swordfishes
rdg,cordgrass,cordgrasses
rdv,aardvark,aardvarks
rfb,surfboard,surfboarded,surfboarder,surfboarding,surfboards
rfd,serfdom,serfdoms
rfy,surfy
rii,denarii,torii,triiodothyronine,triiodothyronines
rij,frijoles,harijan,harijans,marijuana,marijuanas
rir,trireme,triremes
riw,contrariwise,periwinkle,periwinkles
riy,riyal,riyals,teriyaki,teriyakis
rjo,marjoram,marjorams,overjoyed
rkf,workfare,workfares,workforce,workforces
rko,kwashiorkor,kwashiorkors,workout,workouts
rkt,worktable,worktables
rku,markup,markups,workup,workups
rlf,girlfriend,girlfriends
rlh,girlhood,girlhoods
rlp,whirlpool,whirlpools
rlu,interlude,interluded,interludes,interluding,wanderlust,wanderlusts
rlw,whirlwind,whirlwinds
rmb,armband,armbands
rmc,armchair,armchairs
rmn,firmness,firmnesses,warmness,warmnesses
rmp,armpit,armpits
rmr,armrest,armrests
rmt,warmth,warmths
rnc,corncob,corncobs,corncrake,corncrakes,turncoat,turncoats
rnd,darndest,darndests,dirndl,dirndls,turndown,turndowns
rnh,cornhusker,cornhuskers
rnk,turnkey,turnkeys
rnn,sternness,sternnesses,stubbornness,stubbornnesses
rnr,cornrows
rpm,escarpment,escarpments
rpn,sharpness,sharpnesses
rpy,chirpy,harpy
rrr,brrr
rsb,passersby
rsq,foursquare,foursquarely
rsw,bittersweet,bittersweetly,bittersweets,forswear,forswearing,forswears,forsworn
rtt,heartthrob,heartthrobs,shirttail,shirttails
ruo,congruous,congruously,incongruous,incongruously
ruw,thruway,thruways
rux,bruxism,bruxisms,crux,cruxes
ruy,gruyere,gruyeres
ryc,strychnine,strychnines
ryd,corydalis,corydalises,everyday,everydays
ryf,carryforward,carryforwards
ryj,maryjane,maryjanes
ryx,archaeopteryx,archaeopteryxes,oryx,oryxes
rza,mirza,mirzas,scherzando,scherzandos,tarzan,tarzans
rzi,bilharzia,bilharzias,marzipan,marzipans,scherzi
rzt,gewurztraminer,gewurztraminers
sbl,glassblower,glassblowers,glassblowing,glassblowings
scs,discs,molluscs,videodiscs
scy,hyoscyamine,hyoscyamines,scythe,scythed,scythes,scything
sdo,wisdom,wisdoms
sek,housekeeper,housekeepers,housekeeping,housekeepings
sgo,disgorge,disgorged,disgorges,disgorging
shd,pushdown,pushdowns,splashdown,splashdowns
shg,flashgun,flashguns
shh,fishhook,fishhooks,shh
shk,babushka,babushkas,lashkar,lashkars
shs,washstand,washstands
siq,physique,physiques
sjo,disjoint,disjointed,disjointedly,disjointing,disjoints
skl,briskly,riskless
skm,muskmelon,muskmelons,taskmaster,taskmasters
skr,muskrat,muskrats
skt,desktop,desktops
soh,gasohol,gasohols
sox,sox
spb,raspberries,raspberry
spn,crispness,crispnesses,dyspnea,dyspneas,dyspnoea,dyspnoeas
sri,sri,sris
ssk,passkey,passkeys
suo,sensuous,sensuously,sensuousness,sensuousnesses
suz,suzerain,suzerains,suzerainties,suzerainty
svi,herpesvirus,herpesviruses
swr,newswriting,newswritings,sportswriter,sportswriters
swu,swum,swung
syb,busybodies,busybody,busybodying,sybarite,sybarites
syf,pussyfoot,pussyfooted,pussyfooter,pussyfooting,pussyfoots
syg,easygoing
syi,busying,prophesying,prophesyings
syt,forsythia,forsythias
syw,busywork,busyworks
taj,taj,tajes
tao,tao,taos
tbl,outblaze,outblazed,outblazes,outblazing
tce,etcetera,etceteras
tci,bankruptcies
tcu,portcullis,portcullises,shortcut,shortcuts,shortcutting
tcy,bankruptcy,paramountcy
tda,outdated,outdatedly,postdate,postdated,postdates,postdating
tdi,outdid,outdistanced
tdr,nightdress,nightdresses,outdraw,outdrawing,outdraws,outdrive,outdrives,outdriving
teq,tequila,tequilas
tfe,heartfelt,sheetfed
tfr,firstfruits
tge,roentgen,roentgenologies,roentgenology,roentgens,zeitgeist,zeitgeists
tgl,postglacial
thc,forthcoming,forthcomings
thq,earthquake,earthquaked,earthquakes,earthquaking
tij,multijet
tiy,multiyear
tke,latke,latkes
tki,catkin,catkins
tkn,pocketknife,pocketknives
tlu,postlude,postludes,potluck,potlucks
tmu,litmus,litmuses
tsf,coltsfoot,coltsfoots
tsk,goatskin,goatskins,outskirts,tsk,tsked,tsking,tsks
tsl,shirtsleeves
tth,cutthroat,cutthroats,heartthrob,heartthrobs
ttm,wattmeter,wattmeters
ttv,bodhisattva,bodhisattvas
ttw,rottweiler,rottweilers
tva,bodhisattva,bodhisattvas
tvo,outvoted
twh,cartwheel,cartwheeled,cartwheeler,cartwheeling,cartwheels,erstwhile
twu,bratwurst,bratwursts
tyd,katydid,katydids
tyh,pantyhose
tyk,tyke,tykes
tyt,shantytown,shantytowns
tyw,citywide
tzk,blitzkrieg,blitzkriegs
tzl,spaetzle,spaetzles
tzo,matzo,matzoh,matzohs,matzos
tzp,chutzpah,chutzpahs
tzv,mitzvah,mitzvahs
uaf,quaff,quaffed,quaffer,quaffing,quaffs
uah,chihuahua,chihuahuas,quahog,quahogs
uau,luau,luaus
ubk,subkingdom,subkingdoms
ubw,subway,subwayed,subwaying,subways
uby,ruby,rubying
ubz,subzero,subzone,subzones
ucy,saucy
udb,cloudburst,cloudbursts,rudbeckia,rudbeckias,studbook,studbooks
udc,mudcat,mudcats
udm,loudmouth,loudmouthed,loudmouths
udn,loudness,loudnesses
udp,mudpuppies,mudpuppy
udw,budworm,budworms
udz,kudzu,kudzus
uec,bluecoat,bluecoated,bluecoats,cinquecento,cinquecentos
ueg,bluegill,bluegills,bluegrass,bluegrasses
ueh,fuehrer,fuehrers
uem,denouement,denouements
ueo,aqueous,nonaqueous,subaqueous
uez,muezzin,muezzins
ufo,rufous,ufologies,ufology
ufr,gallimaufries,gallimaufry,usufruct,usufructed,usufructing,usufructs
ugf,slugfest,slugfests
ugr,fenugreek,fenugreeks,tugrik,tugriks
uha,brouhaha,brouhahas
uhr,buhr,buhrs,fuhrer,fuhrers
uio,obsequious,obsequiously
uiu,colloquium,colloquiums
uix,quixote,quixotes,quixotic
uji,fuji,fujis,jujitsu,jujitsus
uju,juju,jujube,jujubes,jujus,jujutsu,jujutsus
uku,seppuku,seppukus,ukulele,ukuleles
ulr,bulrush,bulrushes
ulw,bulwark,bulwarked,bulwarking,bulwarks
umh,drumhead,drumheads
umq,kumquat,kumquats
umr,drumroll,drumrolls
umt,gumtree,gumtrees
uop,duopolies,duopoly,trifluoperazine,trifluoperazines
upk,upkeep,upkeeps
urq,turquoise,turquoises
usf,hausfrau,hausfrauen,hausfraus
usm,busman
usq,brusque,brusquely,usque,usques
utv,outvoted
uvl,souvlaki,souvlakis
uvs,luvs
uvu,uvula,uvulas
uwa,thruway,thruways
uxa,luxation,luxations,subluxation,subluxations
uxo,auxotrophic,buxom,buxomer,buxomest,buxomly
uya,buyable,buyables,thuya,thuyas
uyb,buyback,buybacks
uyi,buying
uyo,buyout,buyouts,guyot,guyots
uzy,gauzy
vae,larvae,novae,supernovae
vah,mikvah,mikvahs,mitzvah,mitzvahs
vaq,vaquero,vaqueros
vef,fivefold,waveform,waveforms
veo,alveolar,alveolarly,alveolars,alveoli,alveolus
vep,stovepipe,stovepipes
vew,driveway,driveways
vif,avifauna,avifaunas,salvific
vik,viking,vikings
vim,gravimetric,vim,vims
vix,cervix,cervixes,vixen,vixenly,vixens
vla,souvlaki,souvlakis
vlo,pavlova,pavlovas
vog,vogue,vogued,vogueing,vogues,voguing
voo,voodoo,voodooed,voodooing,voodoos
vov,parvovirus,parvoviruses
vox,volvox,volvoxes,vox
vri,manoeuvring,manoeuvrings
vue,prevue,prevued,prevues,revue,revues
vum,ovum,sempervivum,sempervivums
vun,avuncular,avuncularly
vve,revved
vvy,divvy,divvying,navvy,navvying,savvy,savvying
vyi,envying,envyingly,envyings,levying,vying,vyingly
vys,heavyset
vyw,heavyweight,heavyweights
wau,caterwauling,caterwaulings,waugh,waughed,waughing,waughs,wauls
waz,wazoo,wazoos
wbl,snowblower,snowblowers
wch,flowchart,flowcharting,flowchartings,flowcharts
wcl,dewclaws
wco,newcomer,newcomers
wdn,lewdness,lewdnesses,shrewdness,shrewdnesses
wds,crowds
wdu,sawdust,sawdusted,sawdusting,sawdusts
wef,weft,wefted,weftes,wefting,wefts
wep,swept,wept,windswept
wev,however
wfa,newfangled,newfangledly,snowfall,snowfalls
wfo,crowfoot,crowfoots,newfound
wgr,belowground
wgu,blowgun,blowguns
whu,whump,whumped,whumping,whumps
why,why,whydah,whydahs,whys
wix,betwixt,twixt
wjo,blowjob,blowjobs
wky,gawky
wlo,sawlog,sawlogs
wmi,sawmill,sawmills
wnb,downbeat,downbeats,pawnbroker,pawnbrokers
wnc,downcast,downcasts
wnd,downdraft,downdrafts
wnm,lawnmower,lawnmowers
wno,brownout,brownouts
wnr,downrange,downright,downrightly,downriver
wnu,grownup,grownups
woa,woad,woaded,woads
woc,jabberwockies,jabberwocky
wog,pollywog,pollywogs,wog,wogs
wop,swop,swopped,swopper,swopping,swops,twopence,twopences,wop,wopped,wopping,wops
wos,twos,twosome,twosomes,wos
wot,swot,swots,swotted,swotter,swotting,wot,wots,wotted,wotting
wpe,cowpea,cowpeas
wpi,blowpipe,blowpipes,showpiece,showpieces
wpl,showplace,showplaces,snowplow,snowplowed,snowplowing,snowplows
wpu,brewpub,brewpubs
wru,wrung
wsa,newsagent,newsagents
wsb,newsboy,newsboys,newsbreak,newsbreaks
wsg,newsgroup,newsgroups
wsk,cowskin,cowskins
wsl,cowslip,cowslips,newsletter,newsletters
wso,howsoever
wss,newsstand,newsstands
wsy,drowsy,newsy
wta,swallowtail,swallowtails,yellowtail,yellowtails
wte,pewter,pewterer,pewters,powter,powtered,powtering,powters
wti,sawtimber,sawtimbers,showtime,showtimes
wts,newts
wum,mugwump,mugwumps,swum
wun,swung,wunderkind,wunderkinder,wunderkinds
wwa,hollowware,hollowwares,yellowware,yellowwares
wya,wyandotte,wyandottes
wyv,wyvern,wyverns
xab,fixable,nontaxable,nontaxables,taxable,taxables
xad,hexadecimal,hexadecimals
xbl,oxblood,oxbloods
xbo,boxboard,boxboards,oxbow,oxbows
xet,fluoxetine,fluoxetines
xeu,exeunt
xgl,foxglove,foxgloves
xii,taxiing
xir,elixir,elixirs
xiw,taxiway,taxiways
xly,complexly
xma,taxman
xne,laxness,laxnesses
xob,exobiologies,exobiology
xoc,exocrine,exocrines,exocytosis
xod,exodus,exoduses
xom,buxom,buxomer,buxomest,buxomly,myxoma,myxomas,myxomatosis
xqu,exquisite,exquisitely,exquisites
xse,flaxseed,flaxseeds
xsw,coxswain,coxswained,coxswaining,coxswains
xtb,textbook,textbooks
xtd,nextdoor
xth,sixth,sixthly,sixths
xts,ciphertexts,contexts,hypertexts,plaintexts,pretexts,subtexts,texts
xty,sixty
xub,exuberance,exuberances,exuberant,exuberantly
xup,mixup,mixups
xvi,poxvirus,poxviruses
xwe,maxwell,maxwells
xwi,waxwing,waxwings
xwo,boxwood,boxwoods,waxwork,waxworker,waxworks
xyc,amoxycillin,amoxycillins,doxycycline,doxycyclines,methoxychlor,methoxychlors
xyh,oxyhemoglobin,oxyhemoglobins
xyr,deoxyribonuclease,deoxyribonucleases,deoxyribose,deoxyriboses
xys,paroxysm,paroxysmal,paroxysmally,paroxysms
xyt,hydroxytryptamine,hydroxytryptamines,oxytetracycline,oxytetracyclines,oxytocin,oxytocins
yae,hyaena,hyaenas
yay,yay,yays
ybd,molybdate,molybdates,molybdenum,molybdenums
yby,flyby,flybys
ycr,polycrystalline
yec,eyecup,eyecups,yech,yechs
yef,eyeful,eyefuls
yeg,eyeglass,eyeglasses,ryegrass,ryegrasses
yeh,yeh
yei,dyeing,dyeings,eyeing
yep,eyepiece,eyepieces,yep,yeps
yey,clayey
yfa,wayfarer,wayfarers,wayfaring,wayfarings
yfr,boyfriend,boyfriends
ygd,amygdala,amygdalas,amygdaloid,amygdaloids
ygl,polyglot,polyglots,spyglass,spyglasses
ygn,cygnet,cygnets
ygu,bodyguard,bodyguards,honeyguide,honeyguides
ygy,polygynies,polygynous,polygyny,syzygy
yid,sayid,sayids,sayyid,sayyids,yid,yids
yik,yikes
yim,goyim
yja,maryjane,maryjanes,pyjamas,skyjacker,skyjackers
ylm,methylmercuries,methylmercury
ylv,sylva,sylvan,sylvaner,sylvans,sylvas
ymk,gymkhana,gymkhanas
ymu,euonymus,euonymuses,thymus,thymuses
ymy,metonymy,polymyxin,polymyxins,synonymy
ynf,synfuel,synfuels
ynu,polynuclear,polynucleotide,polynucleotides
yny,androgyny,misogyny,polygyny
yoi,hyoid,hyoids
ypu,platypus,platypuses
yrd,martyrdom,martyrdoms
yrf,gyrfalcon,gyrfalcons
yrh,polyrhythmic,polyrhythms
yrm,myrmidon,myrmidons
yrs,martyrs,satyrs,zephyrs
yrt,myrtle,myrtles
ysf,dysfunction,dysfunctional,dysfunctions
ysh,ladyship,ladyships,suretyship,suretyships,toyshop,toyshops
ysk,dyskinesia,dyskinesias
ysl,dyslexia,dyslexias,dyslexic,dyslexics
ysw,flyswatter,flyswatters
ysy,polysyllabic
yta,ponytail,ponytailed,ponytails
yua,yuan,yuans
yuk,yuk,yuked,yukes,yuking,yukked,yukking,yuks
yul,yulan,yulans,yule,yules,yuletide,yuletides
yum,yum,yummies,yummy
yun,picayune,picayunes,polyunsaturated
yus,cayuse,cayuses
yuz,soyuz,soyuzes
yva,polyvalent
yve,wyvern,wyverns
yvi,polyvinyl,polyvinyls
yza,analyzable,byzantine,coryza,coryzas
zaa,bazaar,bazaars
zai,banzai,banzais,zaibatsu,zaire,zaires
zam,nizam,nizams,shazam,zamia,zamias
zaz,pizazz,pizazzes,pizzazz,pizzazzes,zazen,zazens
zca,mezcal,mezcals
zef,prizefight,prizefighter,prizefighters,prizefighting,prizefights
zem,aggrandizement,aggrandizements,amazement,amazements,eczema,eczemas
zic,pizzicato,pizzicatos,quizzical,quizzically
zis,nazis
ziu,trapezium,trapeziums,trapezius,trapeziuses
zkr,blitzkrieg,blitzkriegs
zlo,zloties,zloty,zlotych,zlotys
zly,drizzly,grizzly
zma,jazzman,quizmaster,quizmasters,razzmatazz,razzmatazzes
zme,jazzmen,klezmer,klezmers
zmo,gizmo,gizmos
zoc,benzocaine,benzocaines,pentazocine,pentazocines,rhizoctonia,rhizoctonias
zoe,piezoelectric
zoh,matzoh,matzohs
zoy,benzoyl,benzoyls,zoysia,zoysias
zpa,chutzpah,chutzpahs,gazpacho,gazpachos
zuc,zucchini,zucchinis
zuk,adzuki,adzukis
zul,lazuli,lazulis
zun,yokozuna,yokozunas
zus,bejeezus
zva,mitzvah,mitzvahs
zvo,rendezvous,rendezvoused,rendezvouses,rendezvousing
zwo,buzzword,buzzwords
zyb,lazybones
zyd,zydeco,zydecos
zyi,cozying,dizzying,dizzyingly
zzm,jazzman,jazzmen,razzmatazz,razzmatazzes
zzw,buzzword,buzzwords
